ID,Age,Netflix,Hulu,Prime_Video,Disney
4,7+,1,0,0,0
6,7+,1,0,0,0
9,7+,1,0,0,0
15,7+,1,0,0,0
18,7+,1,0,0,0
34,7+,1,0,0,0
35,7+,1,0,0,0
36,7+,1,0,0,0
39,7+,1,0,0,0
41,7+,1,0,0,0
45,7+,1,0,0,0
54,7+,1,0,0,0
60,7+,1,0,0,0
63,7+,1,0,0,0
71,7+,1,0,0,0
82,7+,1,0,0,0
98,7+,1,1,0,0
99,7+,1,0,0,0
105,7+,1,0,0,0
108,7+,1,0,0,0
110,7+,1,0,0,0
116,7+,1,0,0,0
118,7+,1,0,0,0
122,7+,1,0,0,0
123,7+,1,0,0,1
136,7+,1,0,0,0
140,7+,1,0,0,0
151,7+,1,0,0,1
160,7+,1,0,0,0
163,7+,1,0,0,0
171,7+,1,0,1,0
176,7+,1,0,0,0
180,7+,1,0,0,0
182,7+,1,0,0,0
214,7+,1,0,0,0
229,7+,1,0,0,0
234,7+,1,0,0,0
238,7+,1,0,0,0
246,7+,1,0,0,0
249,7+,1,0,0,0
274,7+,1,0,0,0
286,7+,1,1,0,0
294,7+,1,0,0,0
297,7+,1,0,0,0
314,7+,1,0,0,0
321,7+,1,0,0,0
322,7+,1,0,0,0
323,7+,1,0,1,0
324,7+,1,0,0,0
325,7+,1,0,0,0
336,7+,1,0,0,0
349,7+,1,0,0,0
392,7+,1,0,0,0
394,7+,1,0,0,0
406,7+,1,0,1,0
414,7+,1,0,0,0
426,7+,1,0,0,0
431,7+,1,0,0,0
433,7+,1,0,0,0
447,7+,1,0,0,0
466,7+,1,0,0,0
476,7+,1,0,0,0
483,7+,1,0,0,1
491,7+,1,0,0,0
495,7+,1,0,0,0
503,7+,1,0,0,0
504,7+,1,0,0,0
507,7+,1,0,0,0
512,7+,1,0,0,0
525,7+,1,0,0,0
526,7+,1,0,0,0
531,7+,1,0,0,0
538,7+,1,0,0,0
540,7+,1,0,0,0
552,7+,1,0,1,0
558,7+,1,0,0,0
566,7+,1,0,0,0
576,7+,1,0,0,0
600,7+,1,0,0,0
603,7+,1,0,0,0
608,7+,1,0,0,0
610,7+,1,0,0,0
621,7+,1,0,0,0
642,7+,1,0,0,0
657,7+,1,0,0,0
660,7+,1,0,0,0
664,7+,1,0,1,0
666,7+,1,0,0,0
670,7+,1,0,0,0
671,7+,1,0,0,0
683,7+,1,0,0,0
702,7+,1,0,1,0
708,7+,1,0,0,0
712,7+,1,0,0,0
722,7+,1,0,0,0
737,7+,1,0,0,0
747,7+,1,0,0,0
772,7+,1,0,0,0
784,7+,1,0,0,0
792,7+,1,0,0,0
797,7+,1,0,0,0
800,7+,1,0,0,0
804,7+,1,0,0,0
815,7+,1,0,0,0
817,7+,1,0,1,0
821,7+,1,0,0,0
827,7+,1,0,0,0
832,7+,1,0,0,0
836,7+,1,0,0,0
853,7+,1,0,0,0
872,7+,1,0,0,0
880,7+,1,0,0,0
898,7+,1,1,0,0
902,7+,1,0,0,0
907,7+,1,0,0,0
947,7+,1,0,0,0
949,7+,1,0,0,0
954,7+,1,0,0,0
958,7+,1,0,0,0
962,7+,1,0,0,0
991,7+,1,0,0,0
1009,7+,1,0,0,0
1012,7+,1,0,0,0
1023,7+,1,0,0,0
1026,7+,1,0,0,0
1041,7+,1,0,0,0
1046,7+,1,0,0,0
1048,7+,1,0,1,0
1057,7+,1,0,0,0
1096,7+,1,0,0,0
1100,7+,1,0,0,0
1121,7+,1,0,1,0
1135,7+,1,0,0,0
1186,7+,1,0,0,0
1190,7+,1,0,0,0
1196,7+,1,0,0,0
1209,7+,1,0,0,0
1219,7+,1,0,0,0
1234,7+,1,0,1,0
1246,7+,1,0,0,0
1257,7+,1,0,0,0
1270,7+,1,0,1,0
1279,7+,1,0,1,0
1280,7+,1,0,0,0
1297,7+,1,0,0,0
1299,7+,1,0,0,0
1300,7+,1,0,0,0
1302,7+,1,1,0,0
1305,7+,1,0,0,0
1315,7+,1,0,0,0
1319,7+,1,0,0,0
1325,7+,1,0,0,0
1362,7+,1,0,0,0
1363,7+,1,0,0,0
1384,7+,1,0,0,0
1391,7+,1,1,0,0
1398,7+,1,0,0,0
1404,7+,1,0,0,0
1406,7+,1,0,0,0
1417,7+,1,0,0,0
1430,7+,1,0,0,0
1444,7+,1,0,0,0
1459,7+,1,0,1,0
1464,7+,1,0,1,0
1465,7+,1,0,0,0
1466,7+,1,0,0,0
1482,7+,1,0,0,0
1487,7+,1,0,0,0
1491,7+,1,0,0,0
1501,7+,1,0,0,0
1518,7+,1,0,0,0
1522,7+,1,0,0,0
1529,7+,1,0,0,0
1533,7+,1,0,0,0
1549,7+,1,0,0,0
1561,7+,1,0,0,0
1563,7+,1,0,0,0
1566,7+,1,0,1,0
1574,7+,1,0,0,0
1592,7+,1,0,0,0
1594,7+,1,0,0,0
1598,7+,1,0,0,0
1614,7+,1,0,0,0
1638,7+,1,0,0,0
1639,7+,1,0,0,0
1672,7+,1,0,0,0
1681,7+,1,0,0,0
1721,7+,1,0,0,0
1722,7+,1,0,0,0
1726,7+,1,0,0,0
1733,7+,1,0,0,0
1743,7+,1,0,1,0
1746,7+,1,0,0,0
1747,7+,1,0,0,0
1752,7+,1,0,0,0
1756,7+,1,0,0,0
1762,7+,1,0,0,1
1774,7+,1,0,0,0
1797,7+,1,0,0,0
1814,7+,1,0,0,0
1833,7+,1,0,0,0
1849,7+,1,0,0,0
1856,7+,1,0,0,0
1858,7+,1,0,0,0
1870,7+,1,0,0,0
1879,7+,1,0,0,0
1880,7+,1,0,0,0
1888,7+,1,0,0,0
1889,7+,1,0,1,0
1895,7+,1,0,0,0
1897,7+,1,0,0,0
1906,7+,1,0,0,0
1919,7+,1,0,0,0
1927,7+,1,0,0,0
1962,7+,1,0,0,0
1964,7+,1,0,0,0
1966,7+,1,0,0,0
1967,7+,1,0,0,0
2003,7+,1,0,0,0
2004,7+,1,0,0,0
2014,7+,1,0,0,0
2017,7+,1,0,0,0
2026,7+,1,0,0,0
2032,7+,1,0,0,0
2036,7+,1,0,0,0
2044,7+,1,0,0,0
2049,7+,1,0,0,0
2069,7+,1,0,0,0
2082,7+,1,0,0,0
2083,7+,1,0,0,0
2093,7+,1,0,0,0
2106,7+,1,0,0,0
2121,7+,1,0,0,0
2132,7+,1,0,0,0
2144,7+,1,0,0,0
2159,7+,1,0,0,0
2166,7+,1,0,0,0
2175,7+,1,0,0,0
2179,7+,1,0,0,0
2180,7+,1,0,0,0
2181,7+,1,0,0,0
2188,7+,1,0,0,0
2202,7+,1,0,1,0
2213,7+,1,0,0,0
2214,7+,1,0,0,0
2282,7+,1,0,0,0
2290,7+,1,0,0,0
2344,7+,1,0,0,0
2358,7+,1,0,0,0
2373,7+,1,0,0,0
2383,7+,1,0,0,0
2400,7+,1,0,0,0
2402,7+,1,0,0,0
2416,7+,1,0,0,0
2418,7+,1,0,0,0
2423,7+,1,0,0,0
2443,7+,1,0,0,0
2452,7+,1,0,0,0
2491,7+,1,0,0,0
2516,7+,1,0,0,0
2517,7+,1,0,0,0
2522,7+,1,0,0,0
2551,7+,1,0,0,0
2563,7+,1,0,0,0
2573,7+,1,0,1,0
2591,7+,1,0,1,0
2595,7+,1,0,0,0
2608,7+,1,0,0,0
2616,7+,1,0,0,0
2619,7+,1,0,0,0
2625,7+,1,0,0,0
2645,7+,1,0,0,0
2646,7+,1,0,0,0
2657,7+,1,0,0,0
2660,7+,1,0,0,0
2673,7+,1,0,0,0
2675,7+,1,0,0,0
2691,7+,1,0,0,0
2749,7+,1,0,0,0
2758,7+,1,0,0,0
2778,7+,1,0,0,0
2792,7+,1,0,0,0
2818,7+,1,0,0,0
2823,7+,1,0,0,0
2830,7+,1,0,0,0
2840,7+,1,0,0,0
2858,7+,1,0,0,0
2863,7+,1,0,0,0
2890,7+,1,0,0,0
2891,7+,1,0,0,0
2946,7+,1,0,0,0
2948,7+,1,0,1,0
2954,7+,1,0,1,0
2972,7+,1,0,0,0
2973,7+,1,0,0,0
2982,7+,1,0,0,0
2994,7+,1,0,0,0
2997,7+,1,0,0,0
3005,7+,1,0,0,0
3020,7+,1,0,0,0
3031,7+,1,0,0,0
3045,7+,1,0,0,0
3053,7+,1,0,1,0
3059,7+,1,0,0,0
3072,7+,1,0,0,0
3103,7+,1,0,0,0
3104,7+,1,0,0,0
3126,7+,1,0,0,0
3151,7+,1,0,0,0
3177,7+,1,0,0,0
3178,7+,1,0,0,0
3179,7+,1,0,0,0
3254,7+,1,0,0,0
3255,7+,1,0,0,0
3295,7+,1,0,0,0
3305,7+,1,0,0,0
3318,7+,1,0,0,0
3394,7+,1,0,0,0
3399,7+,1,0,0,0
3422,7+,1,0,0,0
3463,7+,1,0,0,0
3464,7+,1,0,0,0
3546,7+,1,0,0,0
3567,7+,0,1,0,0
3577,7+,0,1,0,0
3588,7+,0,1,0,0
3589,7+,0,1,1,0
3590,7+,0,1,1,0
3595,7+,0,1,1,0
3602,7+,0,1,1,0
3613,7+,0,1,0,0
3616,7+,0,1,1,0
3623,7+,0,1,0,0
3629,7+,0,1,1,0
3632,7+,0,1,0,0
3638,7+,0,1,0,0
3644,7+,0,1,0,0
3665,7+,0,1,0,0
3669,7+,0,1,0,0
3675,7+,0,1,1,0
3677,7+,0,1,1,0
3680,7+,0,1,0,1
3681,7+,0,1,0,0
3686,7+,0,1,0,0
3687,7+,0,1,1,0
3693,7+,0,1,0,0
3701,7+,0,1,1,0
3716,7+,0,1,0,0
3718,7+,0,1,0,0
3723,7+,0,1,0,0
3734,7+,0,1,0,0
3736,7+,0,1,0,0
3784,7+,0,1,1,0
3785,7+,0,1,1,0
3791,7+,0,1,1,0
3793,7+,0,1,0,0
3798,7+,0,1,1,0
3806,7+,0,1,1,0
3831,7+,0,1,1,0
3846,7+,0,1,0,0
3847,7+,0,1,0,0
3854,7+,0,1,0,0
3856,7+,0,1,0,0
3863,7+,0,1,0,0
3866,7+,0,1,0,0
3872,7+,0,1,0,0
3878,7+,0,1,0,0
3882,7+,0,1,0,0
3892,7+,0,1,1,0
3895,7+,0,1,1,0
3896,7+,0,1,0,0
3928,7+,0,1,0,0
3929,7+,0,1,0,0
3939,7+,0,1,0,0
3951,7+,0,1,1,0
3964,7+,0,1,1,0
3970,7+,0,1,0,0
3972,7+,0,1,1,0
3984,7+,0,1,0,0
3993,7+,0,1,1,0
3996,7+,0,1,0,0
4003,7+,0,1,1,0
4005,7+,0,1,0,0
4011,7+,0,1,0,0
4020,7+,0,1,0,0
4040,7+,0,1,1,0
4045,7+,0,1,1,0
4051,7+,0,1,0,0
4058,7+,0,1,1,0
4074,7+,0,1,0,0
4087,7+,0,1,0,0
4091,7+,0,1,1,0
4101,7+,0,1,0,0
4112,7+,0,1,0,0
4114,7+,0,1,0,0
4117,7+,0,1,0,0
4143,7+,0,1,0,0
4160,7+,0,1,0,0
4163,7+,0,1,1,0
4194,7+,0,1,0,0
4210,7+,0,1,0,0
4222,7+,0,1,0,0
4223,7+,0,1,0,0
4224,7+,0,1,0,0
4248,7+,0,1,0,0
4249,7+,0,1,0,0
4263,7+,0,1,0,0
4281,7+,0,1,0,0
4290,7+,0,1,0,0
4297,7+,0,1,0,0
4313,7+,0,1,0,0
4318,7+,0,1,0,0
4324,7+,0,1,0,0
4325,7+,0,1,0,0
4338,7+,0,1,0,0
4348,7+,0,1,0,0
4354,7+,0,1,0,0
4359,7+,0,1,0,0
4369,7+,0,1,0,0
4373,7+,0,1,0,0
4374,7+,0,1,0,0
4379,7+,0,1,0,0
4388,7+,0,1,0,0
4389,7+,0,1,0,0
4395,7+,0,1,0,0
4419,7+,0,1,0,0
4432,7+,0,1,0,0
4440,7+,0,0,1,0
4443,7+,0,0,1,0
4459,7+,0,0,1,0
4466,7+,0,0,1,0
4471,7+,0,0,1,0
4477,7+,0,0,1,0
4479,7+,0,0,1,0
4485,7+,0,0,1,0
4486,7+,0,0,1,0
4492,7+,0,0,1,0
4494,7+,0,0,1,0
4506,7+,0,0,1,0
4509,7+,0,0,1,0
4512,7+,0,0,1,0
4515,7+,0,0,1,0
4521,7+,0,0,1,0
4529,7+,0,0,1,0
4531,7+,0,0,1,0
4540,7+,0,0,1,0
4544,7+,0,0,1,0
4546,7+,0,0,1,0
4551,7+,0,0,1,0
4566,7+,0,0,1,0
4567,7+,0,0,1,0
4592,7+,0,0,1,0
4593,7+,0,0,1,0
4599,7+,0,0,1,0
4601,7+,0,0,1,0
4606,7+,0,0,1,0
4619,7+,0,0,1,0
4646,7+,0,0,1,0
4671,7+,0,0,1,0
4691,7+,0,0,1,0
4693,7+,0,0,1,0
4698,7+,0,0,1,0
4730,7+,0,0,1,0
4753,7+,0,0,1,0
4754,7+,0,0,1,0
4758,7+,0,0,1,0
4769,7+,0,0,1,0
4775,7+,0,0,1,0
4776,7+,0,0,1,0
4780,7+,0,0,1,0
4784,7+,0,0,1,0
4787,7+,0,0,1,0
4807,7+,0,0,1,0
4819,7+,0,0,1,0
4826,7+,0,0,1,0
4833,7+,0,0,1,0
4846,7+,0,0,1,0
4849,7+,0,0,1,0
4864,7+,0,0,1,0
4876,7+,0,0,1,0
4886,7+,0,0,1,0
4889,7+,0,0,1,0
4904,7+,0,0,1,0
4913,7+,0,0,1,0
4923,7+,0,0,1,0
4928,7+,0,0,1,0
4934,7+,0,0,1,0
4935,7+,0,0,1,0
4939,7+,0,0,1,0
4949,7+,0,0,1,0
4955,7+,0,0,1,0
4957,7+,0,0,1,0
4958,7+,0,0,1,0
4960,7+,0,0,1,0
4968,7+,0,0,1,0
4985,7+,0,0,1,0
4989,7+,0,0,1,0
4991,7+,0,0,1,0
4995,7+,0,0,1,0
5008,7+,0,0,1,0
5009,7+,0,0,1,0
5030,7+,0,0,1,0
5041,7+,0,0,1,0
5042,7+,0,0,1,0
5049,7+,0,0,1,0
5054,7+,0,0,1,0
5070,7+,0,0,1,0
5071,7+,0,0,1,0
5073,7+,0,0,1,0
5085,7+,0,0,1,0
5090,7+,0,0,1,0
5092,7+,0,0,1,0
5095,7+,0,0,1,0
5099,7+,0,0,1,0
5132,7+,0,0,1,0
5165,7+,0,0,1,1
5167,7+,0,0,1,0
5180,7+,0,0,1,0
5181,7+,0,0,1,0
5198,7+,0,0,1,0
5209,7+,0,0,1,0
5210,7+,0,0,1,0
5225,7+,0,0,1,0
5233,7+,0,0,1,0
5235,7+,0,0,1,0
5238,7+,0,0,1,0
5239,7+,0,0,1,0
5255,7+,0,0,1,0
5259,7+,0,0,1,0
5278,7+,0,0,1,0
5283,7+,0,0,1,0
5293,7+,0,0,1,0
5315,7+,0,0,1,0
5319,7+,0,0,1,0
5339,7+,0,0,1,0
5348,7+,0,0,1,0
5360,7+,0,0,1,0
5377,7+,0,0,1,0
5378,7+,0,0,1,0
5387,7+,0,0,1,0
5403,7+,0,0,1,0
5410,7+,0,0,1,0
5415,7+,0,0,1,0
5477,7+,0,0,1,0
5479,7+,0,0,1,0
5499,7+,0,0,1,0
5504,7+,0,0,1,0
5523,7+,0,0,1,0
5531,7+,0,0,1,0
5580,7+,0,0,1,0
5581,7+,0,0,1,0
5587,7+,0,0,1,0
5592,7+,0,0,1,0
5613,7+,0,0,1,0
5625,7+,0,0,1,0
5648,7+,0,0,1,0
5650,7+,0,0,1,0
5669,7+,0,0,1,0
5708,7+,0,0,1,0
5711,7+,0,0,1,0
5714,7+,0,0,1,0
5740,7+,0,0,1,0
5767,7+,0,0,1,0
5774,7+,0,0,1,0
5781,7+,0,0,1,0
5792,7+,0,0,1,0
5801,7+,0,0,1,0
5811,7+,0,0,1,0
5819,7+,0,0,1,0
5854,7+,0,0,1,0
5857,7+,0,0,1,0
5860,7+,0,0,1,0
5866,7+,0,0,1,0
5874,7+,0,0,1,0
5887,7+,0,0,1,0
5896,7+,0,0,1,0
5900,7+,0,0,1,0
5911,7+,0,0,1,0
5925,7+,0,0,1,0
5942,7+,0,0,1,0
5953,7+,0,0,1,0
5972,7+,0,0,1,0
5987,7+,0,0,1,0
5998,7+,0,0,1,0
6005,7+,0,0,1,0
6014,7+,0,0,1,0
6043,7+,0,0,1,0
6057,7+,0,0,1,0
6071,7+,0,0,1,0
6086,7+,0,0,1,0
6088,7+,0,0,1,0
6096,7+,0,0,1,0
6107,7+,0,0,1,0
6120,7+,0,0,1,0
6132,7+,0,0,1,0
6133,7+,0,0,1,0
6155,7+,0,0,1,0
6157,7+,0,0,1,0
6164,7+,0,0,1,0
6184,7+,0,0,1,0
6208,7+,0,0,1,0
6217,7+,0,0,1,0
6218,7+,0,0,1,0
6237,7+,0,0,1,0
6242,7+,0,0,1,0
6243,7+,0,0,1,0
6245,7+,0,0,1,0
6248,7+,0,0,1,0
6253,7+,0,0,1,0
6256,7+,0,0,1,0
6268,7+,0,0,1,0
6269,7+,0,0,1,0
6282,7+,0,0,1,0
6294,7+,0,0,1,0
6310,7+,0,0,1,0
6315,7+,0,0,1,0
6325,7+,0,0,1,0
6345,7+,0,0,1,0
6362,7+,0,0,1,0
6369,7+,0,0,1,0
6379,7+,0,0,1,0
6382,7+,0,0,1,0
6389,7+,0,0,1,0
6412,7+,0,0,1,0
6440,7+,0,0,1,0
6475,7+,0,0,1,0
6517,7+,0,0,1,0
6520,7+,0,0,1,0
6523,7+,0,0,1,0
6536,7+,0,0,1,0
6541,7+,0,0,1,0
6556,7+,0,0,1,0
6571,7+,0,0,1,0
6578,7+,0,0,1,0
6586,7+,0,0,1,0
6603,7+,0,0,1,0
6610,7+,0,0,1,0
6629,7+,0,0,1,0
6671,7+,0,0,1,0
6685,7+,0,0,1,0
6686,7+,0,0,1,0
6688,7+,0,0,1,0
6700,7+,0,0,1,0
6702,7+,0,0,1,0
6718,7+,0,0,1,0
6723,7+,0,0,1,0
6741,7+,0,0,1,0
6756,7+,0,0,1,0
6763,7+,0,0,1,0
6801,7+,0,0,1,0
6803,7+,0,0,1,0
6815,7+,0,0,1,0
6822,7+,0,0,1,0
6830,7+,0,0,1,0
6843,7+,0,0,1,0
6846,7+,0,0,1,0
6856,7+,0,0,1,1
6880,7+,0,0,1,0
6889,7+,0,0,1,0
6893,7+,0,0,1,0
6895,7+,0,0,1,0
6908,7+,0,0,1,0
6915,7+,0,0,1,0
6929,7+,0,0,1,0
6940,7+,0,0,1,0
6942,7+,0,0,1,0
6944,7+,0,0,1,0
6953,7+,0,0,1,0
6954,7+,0,0,1,0
6966,7+,0,0,1,0
6970,7+,0,0,1,0
6984,7+,0,0,1,0
6990,7+,0,0,1,0
6998,7+,0,0,1,0
7019,7+,0,0,1,0
7021,7+,0,0,1,0
7060,7+,0,0,1,0
7063,7+,0,0,1,0
7064,7+,0,0,1,0
7070,7+,0,0,1,0
7080,7+,0,0,1,0
7088,7+,0,0,1,0
7097,7+,0,0,1,0
7106,7+,0,0,1,0
7113,7+,0,0,1,0
7118,7+,0,0,1,0
7125,7+,0,0,1,0
7134,7+,0,0,1,0
7157,7+,0,0,1,0
7171,7+,0,0,1,0
7178,7+,0,0,1,0
7208,7+,0,0,1,0
7229,7+,0,0,1,0
7231,7+,0,0,1,0
7236,7+,0,0,1,0
7239,7+,0,0,1,0
7241,7+,0,0,1,0
7253,7+,0,0,1,0
7272,7+,0,0,1,0
7274,7+,0,0,1,0
7290,7+,0,0,1,0
7291,7+,0,0,1,0
7300,7+,0,0,1,0
7322,7+,0,0,1,0
7324,7+,0,0,1,0
7331,7+,0,0,1,0
7336,7+,0,0,1,0
7339,7+,0,0,1,0
7357,7+,0,0,1,0
7360,7+,0,0,1,0
7366,7+,0,0,1,0
7379,7+,0,0,1,0
7390,7+,0,0,1,0
7406,7+,0,0,1,0
7410,7+,0,0,1,0
7421,7+,0,0,1,0
7422,7+,0,0,1,0
7424,7+,0,0,1,0
7430,7+,0,0,1,0
7432,7+,0,0,1,0
7440,7+,0,0,1,0
7458,7+,0,0,1,0
7462,7+,0,0,1,0
7465,7+,0,0,1,0
7476,7+,0,0,1,0
7495,7+,0,0,1,0
7499,7+,0,0,1,0
7505,7+,0,0,1,0
7507,7+,0,0,1,0
7537,7+,0,0,1,0
7542,7+,0,0,1,0
7550,7+,0,0,1,0
7566,7+,0,0,1,0
7577,7+,0,0,1,0
7582,7+,0,0,1,0
7588,7+,0,0,1,0
7608,7+,0,0,1,0
7629,7+,0,0,1,0
7634,7+,0,0,1,0
7675,7+,0,0,1,0
7683,7+,0,0,1,0
7687,7+,0,0,1,0
7690,7+,0,0,1,0
7694,7+,0,0,1,0
7720,7+,0,0,1,0
7728,7+,0,0,1,0
7741,7+,0,0,1,0
7749,7+,0,0,1,0
7767,7+,0,0,1,0
7789,7+,0,0,1,0
7793,7+,0,0,1,0
7811,7+,0,0,1,0
7846,7+,0,0,1,0
7847,7+,0,0,1,0
7852,7+,0,0,1,0
7862,7+,0,0,1,0
7888,7+,0,0,1,0
7933,7+,0,0,1,0
7934,7+,0,0,1,0
7943,7+,0,0,1,0
7949,7+,0,0,1,0
7954,7+,0,0,1,0
7958,7+,0,0,1,0
7963,7+,0,0,1,0
7970,7+,0,0,1,0
7974,7+,0,0,1,0
7978,7+,0,0,1,0
7983,7+,0,0,1,0
7991,7+,0,0,1,0
8017,7+,0,0,1,0
8018,7+,0,0,1,0
8025,7+,0,0,1,0
8041,7+,0,0,1,0
8052,7+,0,0,1,0
8056,7+,0,0,1,0
8061,7+,0,0,1,0
8083,7+,0,0,1,0
8096,7+,0,0,1,0
8097,7+,0,0,1,0
8101,7+,0,0,1,0
8121,7+,0,0,1,0
8125,7+,0,0,1,0
8130,7+,0,0,1,0
8176,7+,0,0,1,0
8205,7+,0,0,1,0
8217,7+,0,0,1,0
8225,7+,0,0,1,0
8244,7+,0,0,1,0
8252,7+,0,0,1,0
8265,7+,0,0,1,0
8276,7+,0,0,1,0
8306,7+,0,0,1,0
8309,7+,0,0,1,0
8316,7+,0,0,1,0
8333,7+,0,0,1,0
8335,7+,0,0,1,0
8337,7+,0,0,1,0
8340,7+,0,0,1,0
8359,7+,0,0,1,0
8362,7+,0,0,1,0
8369,7+,0,0,1,0
8394,7+,0,0,1,0
8445,7+,0,0,1,0
8450,7+,0,0,1,0
8458,7+,0,0,1,0
8460,7+,0,0,1,0
8466,7+,0,0,1,0
8478,7+,0,0,1,0
8480,7+,0,0,1,0
8500,7+,0,0,1,0
8527,7+,0,0,1,0
8536,7+,0,0,1,0
8551,7+,0,0,1,0
8568,7+,0,0,1,0
8573,7+,0,0,1,1
8600,7+,0,0,1,0
8616,7+,0,0,1,0
8617,7+,0,0,1,0
8636,7+,0,0,1,0
8638,7+,0,0,1,0
8644,7+,0,0,1,0
8652,7+,0,0,1,0
8658,7+,0,0,1,0
8661,7+,0,0,1,0
8685,7+,0,0,1,0
8709,7+,0,0,1,0
8714,7+,0,0,1,0
8729,7+,0,0,1,0
8752,7+,0,0,1,0
8756,7+,0,0,1,0
8762,7+,0,0,1,0
8775,7+,0,0,1,0
8783,7+,0,0,1,0
8791,7+,0,0,1,0
8794,7+,0,0,1,0
8796,7+,0,0,1,0
8818,7+,0,0,1,0
8825,7+,0,0,1,0
8844,7+,0,0,1,0
8858,7+,0,0,1,0
8896,7+,0,0,1,0
8903,7+,0,0,1,0
8904,7+,0,0,1,0
8911,7+,0,0,1,0
8929,7+,0,0,1,0
8938,7+,0,0,1,0
8944,7+,0,0,1,0
8947,7+,0,0,1,0
8950,7+,0,0,1,0
8956,7+,0,0,1,0
8973,7+,0,0,1,0
8976,7+,0,0,1,0
8978,7+,0,0,1,0
8979,7+,0,0,1,0
8981,7+,0,0,1,0
9016,7+,0,0,1,0
9027,7+,0,0,1,0
9042,7+,0,0,1,0
9056,7+,0,0,1,0
9066,7+,0,0,1,0
9067,7+,0,0,1,0
9104,7+,0,0,1,0
9105,7+,0,0,1,0
9110,7+,0,0,1,0
9111,7+,0,0,1,0
9113,7+,0,0,1,0
9119,7+,0,0,1,0
9125,7+,0,0,1,0
9133,7+,0,0,1,0
9139,7+,0,0,1,0
9148,7+,0,0,1,0
9155,7+,0,0,1,0
9157,7+,0,0,1,0
9162,7+,0,0,1,0
9168,7+,0,0,1,0
9195,7+,0,0,1,0
9215,7+,0,0,1,0
9218,7+,0,0,1,0
9224,7+,0,0,1,0
9233,7+,0,0,1,0
9237,7+,0,0,1,0
9248,7+,0,0,1,0
9266,7+,0,0,1,0
9283,7+,0,0,1,0
9295,7+,0,0,1,0
9299,7+,0,0,1,0
9305,7+,0,0,1,0
9319,7+,0,0,1,0
9323,7+,0,0,1,0
9329,7+,0,0,1,1
9332,7+,0,0,1,0
9351,7+,0,0,1,0
9356,7+,0,0,1,0
9370,7+,0,0,1,0
9377,7+,0,0,1,0
9378,7+,0,0,1,0
9390,7+,0,0,1,0
9416,7+,0,0,1,0
9417,7+,0,0,1,0
9419,7+,0,0,1,0
9467,7+,0,0,1,0
9472,7+,0,0,1,0
9473,7+,0,0,1,0
9480,7+,0,0,1,0
9483,7+,0,0,1,0
9493,7+,0,0,1,0
9513,7+,0,0,1,0
9523,7+,0,0,1,0
9530,7+,0,0,1,0
9548,7+,0,0,1,0
9552,7+,0,0,1,0
9561,7+,0,0,1,0
9566,7+,0,0,1,0
9580,7+,0,0,1,0
9589,7+,0,0,1,0
9602,7+,0,0,1,0
9612,7+,0,0,1,0
9619,7+,0,0,1,0
9652,7+,0,0,1,0
9665,7+,0,0,1,0
9672,7+,0,0,1,0
9677,7+,0,0,1,0
9688,7+,0,0,1,0
9726,7+,0,0,1,0
9728,7+,0,0,1,0
9729,7+,0,0,1,0
9743,7+,0,0,1,0
9778,7+,0,0,1,0
9784,7+,0,0,1,0
9802,7+,0,0,1,0
9815,7+,0,0,1,0
9825,7+,0,0,1,0
9833,7+,0,0,1,0
9841,7+,0,0,1,0
9843,7+,0,0,1,0
9852,7+,0,0,1,0
9864,7+,0,0,1,0
9873,7+,0,0,1,0
9883,7+,0,0,1,0
9890,7+,0,0,1,0
9919,7+,0,0,1,0
9921,7+,0,0,1,0
9936,7+,0,0,1,0
9940,7+,0,0,1,0
9943,7+,0,0,1,0
9963,7+,0,0,1,0
9973,7+,0,0,1,0
9984,7+,0,0,1,0
9986,7+,0,0,1,0
9993,7+,0,0,1,0
9995,7+,0,0,1,0
10017,7+,0,0,1,0
10041,7+,0,0,1,0
10042,7+,0,0,1,0
10051,7+,0,0,1,0
10052,7+,0,0,1,0
10086,7+,0,0,1,0
10091,7+,0,0,1,0
10107,7+,0,0,1,0
10130,7+,0,0,1,0
10135,7+,0,0,1,0
10155,7+,0,0,1,0
10157,7+,0,0,1,0
10165,7+,0,0,1,0
10166,7+,0,0,1,0
10177,7+,0,0,1,0
10188,7+,0,0,1,0
10195,7+,0,0,1,0
10218,7+,0,0,1,0
10227,7+,0,0,1,0
10251,7+,0,0,1,0
10254,7+,0,0,1,0
10269,7+,0,0,1,0
10296,7+,0,0,1,0
10298,7+,0,0,1,0
10304,7+,0,0,1,0
10309,7+,0,0,1,0
10334,7+,0,0,1,0
10350,7+,0,0,1,0
10385,7+,0,0,1,0
10387,7+,0,0,1,0
10432,7+,0,0,1,0
10434,7+,0,0,1,0
10475,7+,0,0,1,0
10490,7+,0,0,1,0
10493,7+,0,0,1,0
10502,7+,0,0,1,0
10516,7+,0,0,1,0
10554,7+,0,0,1,0
10559,7+,0,0,1,0
10562,7+,0,0,1,0
10569,7+,0,0,1,0
10571,7+,0,0,1,0
10611,7+,0,0,1,0
10612,7+,0,0,1,0
10634,7+,0,0,1,0
10638,7+,0,0,1,0
10659,7+,0,0,1,0
10686,7+,0,0,1,0
10769,7+,0,0,1,0
10784,7+,0,0,1,0
10788,7+,0,0,1,0
10795,7+,0,0,1,0
10804,7+,0,0,1,0
10838,7+,0,0,1,0
10855,7+,0,0,1,0
10861,7+,0,0,1,0
10906,7+,0,0,1,0
10942,7+,0,0,1,0
10946,7+,0,0,1,0
10950,7+,0,0,1,0
10979,7+,0,0,1,0
11005,7+,0,0,1,0
11014,7+,0,0,1,0
11061,7+,0,0,1,0
11073,7+,0,0,1,0
11083,7+,0,0,1,0
11138,7+,0,0,1,0
11176,7+,0,0,1,0
11177,7+,0,0,1,0
11183,7+,0,0,1,0
11193,7+,0,0,1,0
11199,7+,0,0,1,0
11226,7+,0,0,1,0
11232,7+,0,0,1,0
11238,7+,0,0,1,0
11240,7+,0,0,1,0
11264,7+,0,0,1,0
11270,7+,0,0,1,0
11286,7+,0,0,1,0
11291,7+,0,0,1,0
11302,7+,0,0,1,0
11312,7+,0,0,1,0
11332,7+,0,0,1,0
11334,7+,0,0,1,0
11346,7+,0,0,1,0
11397,7+,0,0,1,0
11440,7+,0,0,1,0
11490,7+,0,0,1,0
11502,7+,0,0,1,0
11517,7+,0,0,1,0
11519,7+,0,0,1,0
11564,7+,0,0,1,0
11566,7+,0,0,1,0
11569,7+,0,0,1,0
11579,7+,0,0,1,0
11580,7+,0,0,1,0
11584,7+,0,0,1,0
11589,7+,0,0,1,0
11597,7+,0,0,1,0
11600,7+,0,0,1,0
11609,7+,0,0,1,0
11614,7+,0,0,1,0
11617,7+,0,0,1,0
11618,7+,0,0,1,0
11625,7+,0,0,1,0
11635,7+,0,0,1,0
11639,7+,0,0,1,0
11641,7+,0,0,1,0
11644,7+,0,0,1,0
11699,7+,0,0,1,0
11707,7+,0,0,1,0
11737,7+,0,0,1,0
11753,7+,0,0,1,0
11765,7+,0,0,1,0
11769,7+,0,0,1,0
11782,7+,0,0,1,0
11815,7+,0,0,1,0
11829,7+,0,0,1,0
11831,7+,0,0,1,0
11842,7+,0,0,1,0
11864,7+,0,0,1,0
11873,7+,0,0,1,0
11875,7+,0,0,1,0
11879,7+,0,0,1,0
11897,7+,0,0,1,0
11901,7+,0,0,1,0
11914,7+,0,0,1,0
11917,7+,0,0,1,0
11959,7+,0,0,1,0
11974,7+,0,0,1,0
11984,7+,0,0,1,0
11995,7+,0,0,1,0
11998,7+,0,0,1,0
12012,7+,0,0,1,0
12031,7+,0,0,1,0
12034,7+,0,0,1,0
12055,7+,0,0,1,0
12059,7+,0,0,1,0
12093,7+,0,0,1,0
12126,7+,0,0,1,0
12137,7+,0,0,1,0
12147,7+,0,0,1,0
12155,7+,0,0,1,0
12158,7+,0,0,1,0
12168,7+,0,0,1,0
12201,7+,0,0,1,0
12212,7+,0,0,1,0
12231,7+,0,0,1,0
12249,7+,0,0,1,0
12253,7+,0,0,1,0
12263,7+,0,0,1,0
12269,7+,0,0,1,0
12275,7+,0,0,1,0
12276,7+,0,0,1,0
12289,7+,0,0,1,0
12319,7+,0,0,1,0
12322,7+,0,0,1,0
12333,7+,0,0,1,0
12352,7+,0,0,1,0
12372,7+,0,0,1,0
12392,7+,0,0,1,0
12395,7+,0,0,1,0
12403,7+,0,0,1,0
12406,7+,0,0,1,0
12416,7+,0,0,1,0
12422,7+,0,0,1,0
12427,7+,0,0,1,0
12441,7+,0,0,1,0
12445,7+,0,0,1,0
12447,7+,0,0,1,0
12457,7+,0,0,1,0
12492,7+,0,0,1,0
12503,7+,0,0,1,0
12514,7+,0,0,1,0
12531,7+,0,0,1,0
12538,7+,0,0,1,0
12552,7+,0,0,1,0
12558,7+,0,0,1,0
12560,7+,0,0,1,0
12566,7+,0,0,1,0
12594,7+,0,0,1,0
12598,7+,0,0,1,0
12599,7+,0,0,1,0
12603,7+,0,0,1,0
12728,7+,0,0,1,0
12759,7+,0,0,1,0
12777,7+,0,0,1,0
12792,7+,0,0,1,0
12807,7+,0,0,1,0
12850,7+,0,0,1,0
12852,7+,0,0,1,0
12867,7+,0,0,1,0
12879,7+,0,0,1,0
12884,7+,0,0,1,0
12887,7+,0,0,1,0
12933,7+,0,0,1,0
12938,7+,0,0,1,0
13009,7+,0,0,1,0
13046,7+,0,0,1,0
13080,7+,0,0,1,0
13086,7+,0,0,1,0
13088,7+,0,0,1,0
13128,7+,0,0,1,0
13138,7+,0,0,1,0
13158,7+,0,0,1,0
13183,7+,0,0,1,0
13184,7+,0,0,1,0
13229,7+,0,0,1,0
13231,7+,0,0,1,0
13253,7+,0,0,1,0
13262,7+,0,0,1,0
13277,7+,0,0,1,0
13295,7+,0,0,1,0
13308,7+,0,0,1,0
13325,7+,0,0,1,0
13346,7+,0,0,1,0
13355,7+,0,0,1,0
13378,7+,0,0,1,0
13386,7+,0,0,1,0
13426,7+,0,0,1,0
13427,7+,0,0,1,0
13452,7+,0,0,1,0
13475,7+,0,0,1,0
13483,7+,0,0,1,0
13485,7+,0,0,1,0
13544,7+,0,0,1,0
13552,7+,0,0,1,0
13572,7+,0,0,1,0
13587,7+,0,0,1,0
13627,7+,0,0,1,0
13692,7+,0,0,1,0
13720,7+,0,0,1,0
13731,7+,0,0,1,0
13766,7+,0,0,1,0
13768,7+,0,0,1,0
13777,7+,0,0,1,0
13784,7+,0,0,1,0
13789,7+,0,0,1,0
13792,7+,0,0,1,0
13793,7+,0,0,1,0
13830,7+,0,0,1,0
13834,7+,0,0,1,0
13842,7+,0,0,1,0
13861,7+,0,0,1,0
13885,7+,0,0,1,0
13922,7+,0,0,1,0
13958,7+,0,0,1,0
13979,7+,0,0,1,0
13985,7+,0,0,1,0
14012,7+,0,0,1,0
14026,7+,0,0,1,0
14053,7+,0,0,1,0
14060,7+,0,0,1,0
14066,7+,0,0,1,0
14099,7+,0,0,1,0
14101,7+,0,0,1,0
14107,7+,0,0,1,0
14124,7+,0,0,1,0
14125,7+,0,0,1,0
14129,7+,0,0,1,0
14146,7+,0,0,1,0
14154,7+,0,0,1,0
14181,7+,0,0,1,0
14221,7+,0,0,1,0
14225,7+,0,0,1,0
14273,7+,0,0,1,0
14287,7+,0,0,1,0
14336,7+,0,0,1,0
14376,7+,0,0,1,0
14396,7+,0,0,1,0
14415,7+,0,0,1,0
14479,7+,0,0,1,0
14539,7+,0,0,1,0
14549,7+,0,0,1,0
14554,7+,0,0,1,0
14562,7+,0,0,1,0
14610,7+,0,0,1,0
14613,7+,0,0,1,0
14616,7+,0,0,1,0
14620,7+,0,0,1,0
14637,7+,0,0,1,0
14712,7+,0,0,1,0
14714,7+,0,0,1,0
14718,7+,0,0,1,0
14719,7+,0,0,1,0
14770,7+,0,0,1,0
14775,7+,0,0,1,0
14781,7+,0,0,1,0
14799,7+,0,0,1,0
14819,7+,0,0,1,0
14830,7+,0,0,1,0
14864,7+,0,0,1,0
14869,7+,0,0,1,0
14879,7+,0,0,1,0
14923,7+,0,0,1,0
14980,7+,0,0,1,0
15001,7+,0,0,1,0
15008,7+,0,0,1,0
15076,7+,0,0,1,0
15080,7+,0,0,1,0
15109,7+,0,0,1,0
15117,7+,0,0,1,0
15184,7+,0,0,1,0
15194,7+,0,0,1,0
15199,7+,0,0,1,0
15208,7+,0,0,1,0
15312,7+,0,0,1,0
15336,7+,0,0,1,0
15341,7+,0,0,1,0
15360,7+,0,0,1,0
15375,7+,0,0,1,0
15386,7+,0,0,1,0
15438,7+,0,0,1,0
15482,7+,0,0,1,0
15484,7+,0,0,1,0
15527,7+,0,0,1,0
15552,7+,0,0,1,0
15562,7+,0,0,1,0
15563,7+,0,0,1,0
15567,7+,0,0,1,0
15571,7+,0,0,1,0
15593,7+,0,0,1,0
15596,7+,0,0,1,0
15597,7+,0,0,1,0
15608,7+,0,0,1,0
15628,7+,0,0,1,0
15641,7+,0,0,1,0
15671,7+,0,0,1,0
15673,7+,0,0,1,0
15683,7+,0,0,1,0
15690,7+,0,0,1,0
15701,7+,0,0,1,0
15706,7+,0,0,1,0
15712,7+,0,0,1,0
15722,7+,0,0,1,0
15731,7+,0,0,1,0
15772,7+,0,0,1,0
15801,7+,0,0,1,0
15803,7+,0,0,1,0
15825,7+,0,0,1,0
15955,7+,0,0,1,0
16213,7+,0,0,0,1
16214,7+,0,0,0,1
16219,7+,0,0,0,1
16222,7+,0,0,0,1
16225,7+,0,0,0,1
16226,7+,0,0,0,1
16230,7+,0,0,0,1
16235,7+,0,0,0,1
16238,7+,0,0,0,1
16243,7+,0,0,0,1
16244,7+,0,0,0,1
16245,7+,0,0,0,1
16247,7+,0,0,0,1
16248,7+,0,0,0,1
16250,7+,0,0,0,1
16253,7+,0,0,0,1
16254,7+,0,0,0,1
16258,7+,0,0,0,1
16262,7+,0,0,0,1
16263,7+,0,0,0,1
16266,7+,0,0,0,1
16267,7+,0,0,0,1
16277,7+,0,0,0,1
16284,7+,0,0,0,1
16288,7+,0,0,0,1
16291,7+,0,0,0,1
16292,7+,0,0,0,1
16293,7+,0,0,0,1
16295,7+,0,0,0,1
16297,7+,0,0,0,1
16298,7+,0,0,0,1
16299,7+,0,0,0,1
16300,7+,0,0,0,1
16301,7+,0,0,0,1
16303,7+,0,0,0,1
16307,7+,0,0,0,1
16309,7+,0,0,0,1
16310,7+,0,0,0,1
16311,7+,0,0,0,1
16313,7+,0,0,0,1
16314,7+,0,0,0,1
16315,7+,0,0,0,1
16321,7+,0,0,0,1
16322,7+,0,0,0,1
16323,7+,0,0,0,1
16325,7+,0,0,0,1
16326,7+,0,0,0,1
16329,7+,0,0,0,1
16332,7+,0,0,0,1
16334,7+,0,0,0,1
16338,7+,0,0,0,1
16341,7+,0,0,0,1
16344,7+,0,0,0,1
16345,7+,0,0,0,1
16349,7+,0,0,0,1
16351,7+,0,0,0,1
16353,7+,0,0,0,1
16360,7+,0,0,0,1
16361,7+,0,0,0,1
16367,7+,0,0,0,1
16368,7+,0,0,0,1
16369,7+,0,0,0,1
16376,7+,0,0,0,1
16377,7+,0,0,0,1
16378,7+,0,0,0,1
16382,7+,0,0,0,1
16389,7+,0,0,0,1
16390,7+,0,0,0,1
16392,7+,0,0,0,1
16394,7+,0,0,0,1
16395,7+,0,0,0,1
16396,7+,0,0,0,1
16398,7+,0,0,0,1
16399,7+,0,0,0,1
16401,7+,0,0,0,1
16404,7+,0,0,0,1
16406,7+,0,0,0,1
16407,7+,0,0,0,1
16408,7+,0,0,0,1
16410,7+,0,0,0,1
16412,7+,0,0,0,1
16413,7+,0,0,0,1
16415,7+,0,0,0,1
16416,7+,0,0,0,1
16419,7+,0,0,0,1
16424,7+,0,0,0,1
16425,7+,0,0,0,1
16427,7+,0,0,0,1
16428,7+,0,0,0,1
16430,7+,0,0,0,1
16431,7+,0,0,0,1
16433,7+,0,0,0,1
16445,7+,0,0,0,1
16447,7+,0,0,0,1
16449,7+,0,0,0,1
16450,7+,0,0,0,1
16453,7+,0,0,0,1
16454,7+,0,0,0,1
16456,7+,0,0,0,1
16458,7+,0,0,0,1
16462,7+,0,0,0,1
16466,7+,0,0,0,1
16470,7+,0,0,0,1
16471,7+,0,0,0,1
16476,7+,0,0,0,1
16477,7+,0,0,0,1
16482,7+,0,0,0,1
16484,7+,0,0,0,1
16485,7+,0,0,0,1
16486,7+,0,0,0,1
16489,7+,0,0,0,1
16493,7+,0,0,0,1
16495,7+,0,0,0,1
16497,7+,0,0,0,1
16498,7+,0,0,0,1
16500,7+,0,0,0,1
16502,7+,0,0,0,1
16503,7+,0,0,0,1
16513,7+,0,0,0,1
16515,7+,0,0,0,1
16516,7+,0,0,0,1
16522,7+,0,0,0,1
16523,7+,0,0,0,1
16524,7+,0,0,0,1
16525,7+,0,0,0,1
16529,7+,0,0,0,1
16533,7+,0,0,0,1
16541,7+,0,0,0,1
16550,7+,0,0,0,1
16553,7+,0,0,0,1
16556,7+,0,0,0,1
16557,7+,0,0,0,1
16559,7+,0,0,0,1
16562,7+,0,0,0,1
16572,7+,0,0,0,1
16573,7+,0,0,0,1
16580,7+,0,0,0,1
16586,7+,0,0,0,1
16588,7+,0,0,0,1
16591,7+,0,0,0,1
16593,7+,0,0,0,1
16597,7+,0,0,0,1
16603,7+,0,0,0,1
16619,7+,0,0,0,1
16620,7+,0,0,0,1
16630,7+,0,0,0,1
16631,7+,0,0,0,1
16646,7+,0,0,0,1
16648,7+,0,0,0,1
16649,7+,0,0,0,1
16650,7+,0,0,0,1
16658,7+,0,0,0,1
16661,7+,0,0,0,1
16665,7+,0,0,0,1
16672,7+,0,0,0,1
16675,7+,0,0,0,1
16678,7+,0,0,0,1
16679,7+,0,0,0,1
16681,7+,0,0,0,1
16685,7+,0,0,0,1
16686,7+,0,0,0,1
16688,7+,0,0,0,1
16689,7+,0,0,0,1
16696,7+,0,0,0,1
16706,7+,0,0,0,1
16713,7+,0,0,0,1
16715,7+,0,0,0,1
16724,7+,0,0,0,1
16725,7+,0,0,0,1
16741,7+,0,0,0,1
